Date,StationID,RequestType,RequestCount,FulfilledWithinSla,OpenedTimestamp,ClosedTimestamp,SlaMinutes
2026-08-03,ST001,Hearing impairment,7,7,2026-08-03T06:00,2026-08-03T23:00,30
2026-08-03,ST001,Luggage support,11,8,2026-08-03T13:45,2026-08-03T07:15,30
2026-08-03,ST002,Mobility assistance,3,1,2026-08-03T07:45,2026-08-03T19:00,30
2026-08-03,ST002,Visual impairment,6,4,2026-08-03T12:00,,15
2026-08-03,ST003,Mobility assistance,6,5,2026-08-03T14:00,2026-08-03T12:15,15
2026-08-03,ST003,Visual impairment,5,4,2026-08-03T16:00,2026-08-03T08:30,20
2026-08-03,ST003,Hearing impairment,4,2,2026-08-03T12:45,2026-08-03T21:15,20
2026-08-03,ST003,Luggage support,12,10,2026-08-03T19:45,2026-08-03T11:45,15
2026-08-03,ST004,Luggage support,5,5,2026-08-03T09:30,2026-08-03T17:00,20
2026-08-03,ST005,Mobility assistance,2,0,2026-08-03T12:15,2026-08-03T12:00,30
2026-08-03,ST005,Visual impairment,1,1,2026-08-03T17:30,2026-08-03T14:00,15
2026-08-03,ST006,Mobility assistance,5,2,2026-08-03T12:15,2026-08-03T19:30,20
2026-08-03,ST006,Luggage support,1,0,2026-08-03T06:15,2026-08-03T07:00,30
2026-08-03,ST007,Mobility assistance,8,7,2026-08-03T10:45,2026-08-03T22:45,15
2026-08-03,ST007,Visual impairment,11,8,2026-08-03T17:45,2026-08-03T08:00,15
2026-08-03,ST007,Hearing impairment,6,6,2026-08-03T13:15,2026-08-03T21:15,20
2026-08-03,ST007,Luggage support,8,7,2026-08-03T08:45,2026-08-03T10:00,30
2026-08-03,ST008,Visual impairment,4,4,2026-08-03T11:45,,20
2026-08-03,ST008,Hearing impairment,4,2,2026-08-03T19:45,2026-08-03T16:15,15
2026-08-04,ST001,Mobility assistance,9,9,2026-08-04T11:00,2026-08-04T14:45,15
2026-08-04,ST001,Hearing impairment,10,10,2026-08-04T08:45,2026-08-04T23:30,20
2026-08-04,ST001,Luggage support,12,10,2026-08-04T13:30,2026-08-04T16:45,20
2026-08-04,ST002,Hearing impairment,3,3,2026-08-04T13:30,2026-08-04T21:30,30
2026-08-04,ST003,Visual impairment,2,2,2026-08-04T10:30,2026-08-04T13:30,15
2026-08-04,ST004,Mobility assistance,2,0,2026-08-04T11:45,2026-08-04T20:00,15
2026-08-04,ST004,Visual impairment,6,5,2026-08-04T07:30,2026-08-04T11:45,15
2026-08-04,ST004,Hearing impairment,3,3,2026-08-04T17:15,2026-08-04T10:30,30
2026-08-04,ST005,Visual impairment,12,10,2026-08-04T19:15,2026-08-04T10:45,15
2026-08-04,ST005,Luggage support,14,11,2026-08-04T17:30,2026-08-04T14:15,15
2026-08-04,ST007,Mobility assistance,10,7,2026-08-04T17:30,2026-08-04T23:00,20
2026-08-04,ST007,Hearing impairment,1,0,2026-08-04T06:15,2026-08-04T09:30,30
2026-08-04,ST007,Luggage support,14,14,2026-08-04T15:30,2026-08-04T17:45,30
2026-08-04,ST008,Visual impairment,5,5,2026-08-04T15:30,2026-08-04T17:45,20
2026-08-04,ST008,Luggage support,4,3,2026-08-04T08:30,2026-08-04T17:00,15
2026-08-05,ST001,Mobility assistance,11,10,2026-08-05T18:45,2026-08-05T11:00,15
2026-08-05,ST001,Hearing impairment,13,10,2026-08-05T07:15,2026-08-05T10:45,15
2026-08-05,ST003,Visual impairment,2,0,2026-08-05T13:30,2026-08-05T09:15,15
2026-08-05,ST003,Hearing impairment,12,11,2026-08-05T12:00,2026-08-05T17:45,20
2026-08-05,ST003,Luggage support,14,11,2026-08-05T18:00,2026-08-05T19:45,15
2026-08-05,ST004,Visual impairment,4,4,2026-08-05T18:30,2026-08-05T19:15,20
2026-08-05,ST005,Mobility assistance,8,7,2026-08-05T07:30,2026-08-05T13:45,20
2026-08-05,ST005,Visual impairment,7,5,2026-08-05T19:30,2026-08-05T22:00,30
2026-08-05,ST005,Hearing impairment,6,5,2026-08-05T08:00,2026-08-05T14:15,15
2026-08-05,ST006,Mobility assistance,1,0,2026-08-05T18:45,2026-08-05T13:00,30
2026-08-05,ST006,Luggage support,3,3,2026-08-05T07:30,2026-08-05T18:00,30
2026-08-05,ST007,Luggage support,12,10,2026-08-05T21:45,2026-08-05T15:30,15
2026-08-05,ST008,Mobility assistance,4,2,2026-08-05T11:45,2026-08-05T15:30,20
2026-08-05,ST008,Luggage support,1,0,2026-08-05T08:15,2026-08-05T22:15,30
2026-08-06,ST001,Visual impairment,10,8,2026-08-06T21:30,2026-08-06T17:30,30
2026-08-06,ST001,Hearing impairment,5,3,2026-08-06T13:00,2026-08-06T17:00,30
2026-08-06,ST001,Luggage support,13,12,2026-08-06T12:15,2026-08-06T15:30,15
2026-08-06,ST002,Mobility assistance,1,0,2026-08-06T10:45,2026-08-06T07:30,20
2026-08-06,ST002,Hearing impairment,1,0,2026-08-06T21:00,2026-08-06T19:45,15
2026-08-06,ST003,Mobility assistance,13,10,2026-08-06T13:45,2026-08-06T21:30,30
2026-08-06,ST003,Hearing impairment,10,10,2026-08-06T09:15,2026-08-06T15:00,15
2026-08-06,ST003,Luggage support,9,9,2026-08-06T11:00,2026-08-06T22:30,15
2026-08-06,ST004,Mobility assistance,2,1,2026-08-06T14:15,,15
2026-08-06,ST005,Mobility assistance,10,10,2026-08-06T19:30,2026-08-06T07:00,15
2026-08-06,ST005,Luggage support,1,0,2026-08-06T07:15,2026-08-06T21:30,15
2026-08-06,ST006,Mobility assistance,6,6,2026-08-06T11:30,2026-08-06T22:30,30
2026-08-06,ST007,Visual impairment,7,7,2026-08-06T12:30,2026-08-06T22:45,15
2026-08-06,ST007,Hearing impairment,9,8,2026-08-06T15:45,2026-08-06T22:00,15
2026-08-06,ST008,Mobility assistance,1,0,2026-08-06T09:15,2026-08-06T16:30,20
2026-08-06,ST008,Luggage support,5,4,2026-08-06T18:15,2026-08-06T23:15,15
2026-08-07,ST001,Mobility assistance,5,2,2026-08-07T10:45,2026-08-07T18:30,30
2026-08-07,ST001,Hearing impairment,6,5,2026-08-07T13:45,2026-08-07T20:00,20
2026-08-07,ST002,Visual impairment,5,3,2026-08-07T09:45,2026-08-07T21:00,30
2026-08-07,ST002,Hearing impairment,6,5,2026-08-07T08:45,2026-08-07T15:30,30
2026-08-07,ST003,Hearing impairment,9,9,2026-08-07T08:15,2026-08-07T16:15,30
2026-08-07,ST003,Luggage support,2,2,2026-08-07T20:15,2026-08-07T07:00,20
2026-08-07,ST004,Mobility assistance,1,0,2026-08-07T13:45,2026-08-07T11:15,20
2026-08-07,ST005,Visual impairment,7,5,2026-08-07T20:30,2026-08-07T19:45,15
2026-08-07,ST005,Hearing impairment,10,8,2026-08-07T15:30,,30
2026-08-07,ST005,Luggage support,1,1,2026-08-07T21:30,2026-08-07T14:30,15
2026-08-07,ST006,Luggage support,4,4,2026-08-07T17:15,2026-08-07T16:30,30
2026-08-07,ST007,Visual impairment,14,11,2026-08-07T15:30,2026-08-07T21:00,15
2026-08-07,ST007,Luggage support,11,8,2026-08-07T17:00,2026-08-07T07:30,30
2026-08-08,ST001,Mobility assistance,12,11,2026-08-08T19:00,2026-08-08T20:30,15
2026-08-08,ST001,Hearing impairment,8,7,2026-08-08T17:00,2026-08-08T18:30,15
2026-08-08,ST001,Luggage support,4,4,2026-08-08T20:00,2026-08-08T07:00,20
2026-08-08,ST002,Luggage support,1,0,2026-08-08T06:30,2026-08-08T14:30,15
2026-08-08,ST003,Mobility assistance,13,11,2026-08-08T09:45,2026-08-08T08:30,20
2026-08-08,ST003,Hearing impairment,8,5,2026-08-08T19:00,2026-08-08T21:00,15
2026-08-08,ST003,Luggage support,3,3,2026-08-08T10:30,2026-08-08T17:45,30
2026-08-08,ST005,Visual impairment,2,2,2026-08-08T08:45,2026-08-08T18:15,30
2026-08-08,ST005,Hearing impairment,9,7,2026-08-08T09:45,2026-08-08T20:00,20
2026-08-08,ST005,Luggage support,6,6,2026-08-08T12:15,2026-08-08T14:00,20
2026-08-08,ST006,Luggage support,3,1,2026-08-08T16:30,,15
2026-08-08,ST007,Visual impairment,7,4,2026-08-08T16:15,2026-08-08T17:00,15
2026-08-08,ST007,Hearing impairment,13,13,2026-08-08T08:30,2026-08-08T20:45,30
2026-08-08,ST007,Luggage support,5,4,2026-08-08T09:30,2026-08-08T16:45,30
2026-08-08,ST008,Luggage support,1,1,2026-08-08T21:45,2026-08-08T19:15,30
2026-08-09,ST001,Mobility assistance,2,0,2026-08-09T19:45,2026-08-09T20:30,15
2026-08-09,ST001,Visual impairment,6,5,2026-08-09T20:30,2026-08-09T10:15,20
2026-08-09,ST001,Hearing impairment,9,9,2026-08-09T18:30,2026-08-09T14:30,15
2026-08-09,ST001,Luggage support,11,11,2026-08-09T12:30,2026-08-09T11:15,15
2026-08-09,ST002,Hearing impairment,1,0,2026-08-09T20:30,2026-08-09T08:30,30
2026-08-09,ST002,Luggage support,4,1,2026-08-09T07:00,2026-08-09T16:00,30
2026-08-09,ST003,Mobility assistance,13,12,2026-08-09T16:45,2026-08-09T08:45,15
2026-08-09,ST004,Hearing impairment,1,0,2026-08-09T15:30,2026-08-09T11:30,15
2026-08-09,ST005,Visual impairment,6,6,2026-08-09T17:30,2026-08-09T13:30,20
2026-08-09,ST005,Hearing impairment,3,2,2026-08-09T08:30,2026-08-09T10:00,30
2026-08-09,ST005,Luggage support,13,12,2026-08-09T18:15,2026-08-09T12:45,15
2026-08-09,ST006,Mobility assistance,2,0,2026-08-09T21:15,2026-08-09T21:45,20
2026-08-09,ST007,Visual impairment,2,2,2026-08-09T15:00,2026-08-09T15:45,30
2026-08-09,ST007,Hearing impairment,7,7,2026-08-09T13:45,2026-08-09T07:45,15
2026-08-09,ST007,Luggage support,6,5,2026-08-09T18:00,2026-08-09T07:30,15
2026-08-10,ST001,Mobility assistance,14,11,2026-08-10T06:15,2026-08-10T16:45,15
2026-08-10,ST001,Visual impairment,4,1,2026-08-10T11:00,2026-08-10T18:00,30
2026-08-10,ST001,Hearing impairment,13,13,2026-08-10T18:45,,20
2026-08-10,ST003,Mobility assistance,13,12,2026-08-10T07:30,2026-08-10T23:45,30
2026-08-10,ST003,Visual impairment,1,0,2026-08-10T15:30,2026-08-10T08:30,20
2026-08-10,ST003,Hearing impairment,6,3,2026-08-10T18:45,2026-08-10T19:30,15
2026-08-10,ST003,Luggage support,8,6,2026-08-10T14:00,2026-08-10T09:45,30
2026-08-10,ST004,Mobility assistance,5,2,2026-08-10T11:45,2026-08-10T08:30,30
2026-08-10,ST004,Hearing impairment,1,1,2026-08-10T18:30,2026-08-10T12:00,15
2026-08-10,ST005,Mobility assistance,10,10,2026-08-10T10:45,2026-08-10T18:45,15
2026-08-10,ST005,Visual impairment,9,7,2026-08-10T18:30,2026-08-10T14:00,15
2026-08-10,ST005,Luggage support,7,7,2026-08-10T14:30,2026-08-10T13:30,30
2026-08-11,ST001,Mobility assistance,14,13,2026-08-11T10:45,2026-08-11T08:00,30
2026-08-11,ST001,Visual impairment,3,2,2026-08-11T16:15,2026-08-11T23:30,15
2026-08-11,ST001,Hearing impairment,11,9,2026-08-11T10:30,2026-08-11T09:15,30
2026-08-11,ST002,Visual impairment,6,4,2026-08-11T15:45,2026-08-11T19:30,20
2026-08-11,ST002,Hearing impairment,1,0,2026-08-11T20:45,2026-08-11T13:30,30
2026-08-11,ST002,Luggage support,6,4,2026-08-11T17:45,2026-08-11T18:00,20
2026-08-11,ST003,Hearing impairment,14,13,2026-08-11T16:30,2026-08-11T12:45,30
2026-08-11,ST003,Luggage support,5,2,2026-08-11T06:00,2026-08-11T23:45,15
2026-08-11,ST005,Hearing impairment,3,3,2026-08-11T18:30,2026-08-11T17:30,15
2026-08-11,ST005,Luggage support,9,6,2026-08-11T07:00,,30
2026-08-11,ST006,Visual impairment,4,2,2026-08-11T16:45,2026-08-11T16:45,15
2026-08-11,ST007,Mobility assistance,5,4,2026-08-11T07:45,2026-08-11T19:15,30
2026-08-11,ST007,Visual impairment,10,10,2026-08-11T12:00,2026-08-11T20:15,20
2026-08-11,ST007,Luggage support,13,10,2026-08-11T07:15,2026-08-11T17:45,30
2026-08-11,ST008,Visual impairment,2,0,2026-08-11T15:15,2026-08-11T16:30,30
2026-08-11,ST008,Hearing impairment,6,3,2026-08-11T16:45,2026-08-11T15:30,15
2026-08-12,ST001,Mobility assistance,12,12,2026-08-12T17:45,2026-08-12T22:15,15
2026-08-12,ST001,Hearing impairment,9,7,2026-08-12T10:00,2026-08-12T14:15,15
2026-08-12,ST002,Visual impairment,5,4,2026-08-12T19:45,2026-08-12T13:30,20
2026-08-12,ST002,Hearing impairment,1,1,2026-08-12T13:00,2026-08-12T12:45,15
2026-08-12,ST003,Mobility assistance,11,8,2026-08-12T10:45,2026-08-12T10:30,15
2026-08-12,ST004,Mobility assistance,2,2,2026-08-12T14:45,2026-08-12T15:30,20
2026-08-12,ST004,Luggage support,3,2,2026-08-12T07:00,2026-08-12T12:45,30
2026-08-12,ST005,Mobility assistance,4,3,2026-08-12T10:45,2026-08-12T18:45,30
2026-08-12,ST005,Visual impairment,8,7,2026-08-12T13:00,2026-08-12T23:30,15
2026-08-12,ST005,Luggage support,14,13,2026-08-12T10:15,2026-08-12T23:45,15
2026-08-12,ST006,Mobility assistance,4,1,2026-08-12T07:45,2026-08-12T16:00,20
2026-08-12,ST006,Visual impairment,1,0,2026-08-12T08:00,2026-08-12T09:00,15
2026-08-12,ST007,Mobility assistance,7,4,2026-08-12T18:45,2026-08-12T11:30,15
2026-08-12,ST007,Visual impairment,9,6,2026-08-12T10:15,2026-08-12T07:30,20
2026-08-12,ST007,Luggage support,9,6,2026-08-12T13:15,2026-08-12T11:30,15
2026-08-12,ST008,Mobility assistance,1,1,2026-08-12T07:45,2026-08-12T08:15,30
2026-08-12,ST008,Visual impairment,4,3,2026-08-12T12:00,2026-08-12T16:15,30
2026-08-13,ST001,Mobility assistance,5,5,2026-08-13T11:45,2026-08-13T08:30,30
2026-08-13,ST001,Luggage support,7,4,2026-08-13T10:30,2026-08-13T22:15,15
2026-08-13,ST002,Visual impairment,2,0,2026-08-13T12:30,2026-08-13T21:30,15
2026-08-13,ST003,Hearing impairment,13,10,2026-08-13T13:15,2026-08-13T14:30,20
2026-08-13,ST003,Luggage support,9,7,2026-08-13T15:30,2026-08-13T22:45,15
2026-08-13,ST004,Hearing impairment,2,2,2026-08-13T14:45,2026-08-13T13:30,15
2026-08-13,ST005,Mobility assistance,12,10,2026-08-13T11:15,2026-08-13T22:15,30
2026-08-13,ST005,Luggage support,14,14,2026-08-13T07:00,2026-08-13T14:00,30
2026-08-13,ST006,Visual impairment,5,2,2026-08-13T11:00,2026-08-13T23:15,15
2026-08-13,ST006,Hearing impairment,5,3,2026-08-13T17:30,2026-08-13T09:30,20
2026-08-13,ST007,Mobility assistance,7,4,2026-08-13T21:00,2026-08-13T12:00,20
2026-08-13,ST007,Luggage support,14,14,2026-08-13T07:15,2026-08-13T22:30,15
2026-08-13,ST008,Visual impairment,2,1,2026-08-13T18:00,2026-08-13T14:45,30
2026-08-13,ST008,Luggage support,6,5,2026-08-13T08:30,,20
2026-08-14,ST001,Mobility assistance,5,2,2026-08-14T21:15,2026-08-14T19:45,15
2026-08-14,ST001,Luggage support,10,8,2026-08-14T13:00,2026-08-14T11:45,30
2026-08-14,ST002,Hearing impairment,1,0,2026-08-14T19:45,2026-08-14T23:45,15
2026-08-14,ST002,Luggage support,3,3,2026-08-14T16:45,,20
2026-08-14,ST003,Visual impairment,5,3,2026-08-14T14:45,2026-08-14T12:45,20
2026-08-14,ST003,Hearing impairment,8,8,2026-08-14T17:30,2026-08-14T22:15,20
2026-08-14,ST003,Luggage support,5,5,2026-08-14T18:30,2026-08-14T19:30,20
2026-08-14,ST004,Luggage support,4,2,2026-08-14T15:45,2026-08-14T14:30,20
2026-08-14,ST005,Visual impairment,12,9,2026-08-14T12:45,2026-08-14T09:45,30
2026-08-14,ST005,Hearing impairment,11,9,2026-08-14T13:30,2026-08-14T20:45,15
2026-08-14,ST005,Luggage support,10,7,2026-08-14T18:45,2026-08-14T18:00,15
2026-08-14,ST006,Visual impairment,4,4,2026-08-14T06:00,2026-08-14T23:15,20
2026-08-14,ST007,Mobility assistance,2,2,2026-08-14T10:30,2026-08-14T21:15,30
2026-08-14,ST007,Visual impairment,8,8,2026-08-14T20:45,2026-08-14T16:00,30
2026-08-14,ST007,Hearing impairment,14,12,2026-08-14T09:15,2026-08-14T14:15,30
2026-08-14,ST007,Luggage support,9,6,2026-08-14T20:15,2026-08-14T12:15,30
2026-08-14,ST008,Hearing impairment,6,6,2026-08-14T09:15,2026-08-14T13:45,15
2026-08-14,ST008,Luggage support,4,2,2026-08-14T18:45,2026-08-14T18:30,20
2026-08-15,ST001,Visual impairment,4,2,2026-08-15T09:15,2026-08-15T11:45,20
2026-08-15,ST001,Hearing impairment,10,7,2026-08-15T19:15,2026-08-15T12:15,20
2026-08-15,ST001,Luggage support,3,1,2026-08-15T20:00,2026-08-15T07:45,15
2026-08-15,ST002,Mobility assistance,3,2,2026-08-15T15:15,2026-08-15T22:00,30
2026-08-15,ST002,Visual impairment,5,3,2026-08-15T07:45,2026-08-15T20:00,30
2026-08-15,ST003,Mobility assistance,2,1,2026-08-15T12:30,2026-08-15T20:15,30
2026-08-15,ST003,Visual impairment,4,3,2026-08-15T07:30,2026-08-15T12:30,30
2026-08-15,ST003,Hearing impairment,10,8,2026-08-15T09:15,2026-08-15T20:00,20
2026-08-15,ST004,Hearing impairment,5,3,2026-08-15T17:45,2026-08-15T17:00,30
2026-08-15,ST004,Luggage support,4,2,2026-08-15T08:45,2026-08-15T20:15,20
2026-08-15,ST005,Hearing impairment,11,8,2026-08-15T06:00,2026-08-15T12:45,20
2026-08-15,ST005,Luggage support,7,6,2026-08-15T10:30,2026-08-15T15:00,30
2026-08-15,ST006,Luggage support,1,1,2026-08-15T12:45,,30
2026-08-15,ST007,Visual impairment,3,0,2026-08-15T08:15,2026-08-15T10:00,20
2026-08-15,ST007,Hearing impairment,5,4,2026-08-15T18:15,2026-08-15T11:00,30
2026-08-15,ST007,Luggage support,10,9,2026-08-15T20:30,2026-08-15T11:45,30
2026-08-15,ST008,Luggage support,6,6,2026-08-15T13:30,2026-08-15T07:30,15
2026-08-16,ST001,Mobility assistance,4,1,2026-08-16T08:00,2026-08-16T17:15,20
2026-08-16,ST001,Hearing impairment,6,5,2026-08-16T21:00,,15
2026-08-16,ST001,Luggage support,4,4,2026-08-16T07:45,2026-08-16T23:45,20
2026-08-16,ST002,Mobility assistance,2,1,2026-08-16T16:45,2026-08-16T09:30,30
2026-08-16,ST002,Luggage support,2,2,2026-08-16T19:00,2026-08-16T08:30,30
2026-08-16,ST003,Mobility assistance,6,4,2026-08-16T11:30,2026-08-16T15:00,15
2026-08-16,ST003,Visual impairment,7,5,2026-08-16T08:30,2026-08-16T09:45,20
2026-08-16,ST003,Hearing impairment,1,0,2026-08-16T11:30,2026-08-16T10:00,15
2026-08-16,ST004,Mobility assistance,2,0,2026-08-16T16:30,2026-08-16T18:00,30
2026-08-16,ST004,Hearing impairment,2,2,2026-08-16T18:00,2026-08-16T16:30,20
2026-08-16,ST004,Luggage support,4,4,2026-08-16T17:15,2026-08-16T16:15,20
2026-08-16,ST005,Mobility assistance,7,7,2026-08-16T13:30,2026-08-16T07:30,15
2026-08-16,ST005,Hearing impairment,12,10,2026-08-16T09:15,2026-08-16T14:45,20
2026-08-16,ST006,Luggage support,1,0,2026-08-16T18:00,2026-08-16T08:45,30
2026-08-16,ST007,Hearing impairment,5,4,2026-08-16T08:15,2026-08-16T10:15,15
2026-08-16,ST007,Luggage support,8,6,2026-08-16T19:00,2026-08-16T13:45,20
2026-08-16,ST008,Mobility assistance,3,2,2026-08-16T08:15,2026-08-16T19:00,30
2026-08-16,ST008,Visual impairment,2,2,2026-08-16T18:45,2026-08-16T14:00,20
2026-08-16,ST008,Hearing impairment,2,2,2026-08-16T06:00,2026-08-16T14:15,15
2026-08-17,ST001,Visual impairment,11,8,2026-08-17T10:00,2026-08-17T17:00,15
2026-08-17,ST001,Luggage support,10,7,2026-08-17T18:45,,30
2026-08-17,ST003,Hearing impairment,13,13,2026-08-17T18:30,2026-08-17T22:30,30
2026-08-17,ST003,Luggage support,7,5,2026-08-17T11:00,2026-08-17T14:00,20
2026-08-17,ST005,Visual impairment,12,10,2026-08-17T10:15,2026-08-17T22:30,15
2026-08-17,ST005,Hearing impairment,2,2,2026-08-17T13:15,,20
2026-08-17,ST005,Luggage support,10,9,2026-08-17T10:30,2026-08-17T17:00,15
2026-08-17,ST006,Mobility assistance,2,0,2026-08-17T21:30,2026-08-17T18:15,30
2026-08-17,ST006,Hearing impairment,3,1,2026-08-17T10:15,2026-08-17T19:00,15
2026-08-17,ST007,Mobility assistance,12,12,2026-08-17T13:30,2026-08-17T12:00,30
2026-08-17,ST007,Luggage support,1,0,2026-08-17T12:15,2026-08-17T18:30,15
2026-08-18,ST001,Mobility assistance,6,4,2026-08-18T09:00,2026-08-18T19:15,30
2026-08-18,ST001,Visual impairment,2,0,2026-08-18T21:00,2026-08-18T12:45,15
2026-08-18,ST001,Hearing impairment,6,5,2026-08-18T12:45,2026-08-18T15:30,20
2026-08-18,ST001,Luggage support,1,0,2026-08-18T21:15,,15
2026-08-18,ST002,Mobility assistance,6,4,2026-08-18T08:45,2026-08-18T16:45,20
2026-08-18,ST002,Luggage support,5,2,2026-08-18T11:30,2026-08-18T18:15,20
2026-08-18,ST003,Visual impairment,9,9,2026-08-18T18:45,2026-08-18T22:15,20
2026-08-18,ST003,Hearing impairment,7,7,2026-08-18T10:00,2026-08-18T21:15,15
2026-08-18,ST004,Visual impairment,6,6,2026-08-18T08:45,2026-08-18T17:30,30
2026-08-18,ST005,Mobility assistance,10,10,2026-08-18T09:00,2026-08-18T18:45,20
2026-08-18,ST005,Visual impairment,8,5,2026-08-18T07:15,2026-08-18T11:45,15
2026-08-18,ST005,Hearing impairment,6,5,2026-08-18T07:45,2026-08-18T18:00,20
2026-08-18,ST006,Mobility assistance,6,3,2026-08-18T16:30,2026-08-18T09:15,20
2026-08-18,ST006,Visual impairment,4,1,2026-08-18T17:00,2026-08-18T12:00,20
2026-08-18,ST007,Visual impairment,8,8,2026-08-18T17:15,2026-08-18T21:45,30
2026-08-18,ST008,Visual impairment,5,4,2026-08-18T13:15,2026-08-18T15:45,30
2026-08-18,ST008,Hearing impairment,6,6,2026-08-18T21:15,2026-08-18T07:15,20
2026-08-19,ST001,Mobility assistance,4,1,2026-08-19T15:45,2026-08-19T07:30,30
2026-08-19,ST001,Hearing impairment,5,5,2026-08-19T21:00,2026-08-19T15:30,20
2026-08-19,ST001,Luggage support,12,10,2026-08-19T12:15,2026-08-19T14:00,30
2026-08-19,ST003,Hearing impairment,14,13,2026-08-19T11:30,2026-08-19T11:30,30
2026-08-19,ST004,Mobility assistance,3,0,2026-08-19T16:30,2026-08-19T16:45,15
2026-08-19,ST005,Mobility assistance,14,13,2026-08-19T10:15,2026-08-19T21:15,20
2026-08-19,ST005,Hearing impairment,2,0,2026-08-19T16:15,2026-08-19T08:00,20
2026-08-19,ST005,Luggage support,13,12,2026-08-19T11:45,2026-08-19T09:15,30
2026-08-19,ST007,Mobility assistance,2,0,2026-08-19T15:15,,15
2026-08-19,ST007,Visual impairment,5,2,2026-08-19T16:45,2026-08-19T11:30,20
2026-08-19,ST007,Hearing impairment,4,3,2026-08-19T18:00,2026-08-19T11:15,30
2026-08-19,ST007,Luggage support,9,8,2026-08-19T09:30,2026-08-19T08:45,30
2026-08-19,ST008,Visual impairment,6,6,2026-08-19T15:45,2026-08-19T23:30,30
2026-08-19,ST008,Luggage support,1,1,2026-08-19T15:00,2026-08-19T22:15,30
2026-08-20,ST001,Mobility assistance,9,6,2026-08-20T12:45,2026-08-20T07:00,30
2026-08-20,ST001,Visual impairment,2,0,2026-08-20T10:00,2026-08-20T09:00,20
2026-08-20,ST001,Luggage support,5,3,2026-08-20T20:00,2026-08-20T12:00,20
2026-08-20,ST002,Hearing impairment,3,0,2026-08-20T14:00,2026-08-20T17:15,15
2026-08-20,ST003,Hearing impairment,12,12,2026-08-20T11:00,2026-08-20T22:45,15
2026-08-20,ST003,Luggage support,13,11,2026-08-20T06:15,2026-08-20T22:00,20
2026-08-20,ST004,Hearing impairment,5,5,2026-08-20T19:15,2026-08-20T19:15,30
2026-08-20,ST005,Mobility assistance,8,6,2026-08-20T13:30,2026-08-20T08:15,30
2026-08-20,ST005,Hearing impairment,4,4,2026-08-20T20:45,2026-08-20T21:00,20
2026-08-20,ST005,Luggage support,2,0,2026-08-20T06:00,2026-08-20T08:00,15
2026-08-20,ST006,Hearing impairment,2,0,2026-08-20T16:45,2026-08-20T18:45,15
2026-08-20,ST006,Luggage support,6,5,2026-08-20T06:30,2026-08-20T16:30,30
2026-08-20,ST007,Visual impairment,6,6,2026-08-20T19:00,2026-08-20T10:45,20
2026-08-21,ST001,Mobility assistance,3,2,2026-08-21T19:30,2026-08-21T17:15,15
2026-08-21,ST001,Visual impairment,12,10,2026-08-21T17:15,2026-08-21T12:30,30
2026-08-21,ST001,Hearing impairment,6,3,2026-08-21T19:30,2026-08-21T20:00,30
2026-08-21,ST001,Luggage support,7,6,2026-08-21T07:00,2026-08-21T12:30,30
2026-08-21,ST002,Hearing impairment,6,4,2026-08-21T07:45,2026-08-21T17:00,15
2026-08-21,ST003,Visual impairment,10,9,2026-08-21T12:30,2026-08-21T09:15,15
2026-08-21,ST003,Luggage support,1,0,2026-08-21T14:30,2026-08-21T15:00,20
2026-08-21,ST005,Mobility assistance,7,7,2026-08-21T17:15,2026-08-21T17:30,20
2026-08-21,ST005,Visual impairment,13,10,2026-08-21T06:00,2026-08-21T21:15,30
2026-08-21,ST005,Hearing impairment,10,9,2026-08-21T07:30,2026-08-21T10:45,20
2026-08-21,ST005,Luggage support,5,5,2026-08-21T17:45,2026-08-21T16:15,20
2026-08-21,ST006,Visual impairment,6,5,2026-08-21T19:00,2026-08-21T20:00,30
2026-08-21,ST006,Luggage support,6,4,2026-08-21T07:00,,15
2026-08-21,ST007,Mobility assistance,11,8,2026-08-21T19:30,,30
2026-08-21,ST007,Visual impairment,1,1,2026-08-21T07:00,2026-08-21T23:00,20
2026-08-21,ST007,Luggage support,2,0,2026-08-21T20:45,2026-08-21T07:45,15
2026-08-21,ST008,Mobility assistance,6,4,2026-08-21T06:15,2026-08-21T07:45,30
2026-08-21,ST008,Hearing impairment,2,0,2026-08-21T12:45,2026-08-21T23:15,15
2026-08-21,ST008,Luggage support,5,3,2026-08-21T12:00,2026-08-21T08:45,30
2026-08-22,ST001,Visual impairment,11,10,2026-08-22T09:30,2026-08-22T13:30,20
2026-08-22,ST001,Hearing impairment,10,8,2026-08-22T10:30,2026-08-22T20:15,15
2026-08-22,ST001,Luggage support,13,12,2026-08-22T19:30,2026-08-22T11:30,20
2026-08-22,ST002,Hearing impairment,5,4,2026-08-22T14:00,2026-08-22T07:00,30
2026-08-22,ST003,Visual impairment,7,6,2026-08-22T15:15,2026-08-22T23:00,20
2026-08-22,ST003,Hearing impairment,1,0,2026-08-22T11:15,2026-08-22T12:15,30
2026-08-22,ST004,Mobility assistance,2,0,2026-08-22T18:45,2026-08-22T08:00,30
2026-08-22,ST004,Visual impairment,6,4,2026-08-22T14:15,2026-08-22T19:30,30
2026-08-22,ST005,Hearing impairment,3,0,2026-08-22T11:15,,30
2026-08-22,ST005,Luggage support,3,2,2026-08-22T11:30,2026-08-22T10:15,20
2026-08-22,ST006,Hearing impairment,2,1,2026-08-22T10:00,2026-08-22T11:00,15
2026-08-22,ST006,Luggage support,2,0,2026-08-22T06:30,2026-08-22T13:45,30
2026-08-22,ST007,Hearing impairment,11,9,2026-08-22T11:30,2026-08-22T09:15,20
2026-08-22,ST007,Luggage support,2,2,2026-08-22T12:45,2026-08-22T10:15,20
2026-08-22,ST008,Luggage support,6,3,2026-08-22T19:30,2026-08-22T23:45,15
2026-08-23,ST001,Mobility assistance,5,2,2026-08-23T13:00,2026-08-23T20:30,15
2026-08-23,ST001,Visual impairment,12,12,2026-08-23T09:00,2026-08-23T13:30,20
2026-08-23,ST001,Hearing impairment,3,0,2026-08-23T14:30,2026-08-23T20:30,30
2026-08-23,ST001,Luggage support,11,8,2026-08-23T12:45,2026-08-23T22:15,20
2026-08-23,ST003,Mobility assistance,11,11,2026-08-23T08:15,2026-08-23T20:00,15
2026-08-23,ST003,Visual impairment,6,6,2026-08-23T07:45,2026-08-23T19:30,30
2026-08-23,ST003,Luggage support,13,12,2026-08-23T21:45,,30
2026-08-23,ST005,Mobility assistance,9,9,2026-08-23T08:00,2026-08-23T18:30,20
2026-08-23,ST005,Visual impairment,4,1,2026-08-23T18:00,2026-08-23T20:00,30
2026-08-23,ST005,Hearing impairment,5,3,2026-08-23T09:30,2026-08-23T15:45,20
2026-08-23,ST005,Luggage support,13,12,2026-08-23T16:45,2026-08-23T07:45,15
2026-08-23,ST006,Hearing impairment,5,4,2026-08-23T21:30,2026-08-23T15:15,30
2026-08-23,ST007,Mobility assistance,4,3,2026-08-23T17:15,2026-08-23T10:00,30
2026-08-23,ST007,Hearing impairment,1,1,2026-08-23T21:30,2026-08-23T22:30,20
2026-08-23,ST007,Luggage support,13,11,2026-08-23T18:15,2026-08-23T11:00,30
2026-08-23,ST008,Visual impairment,5,2,2026-08-23T16:00,,15
2026-08-23,ST008,Luggage support,3,1,2026-08-23T11:30,2026-08-23T22:30,20
2026-08-24,ST001,Mobility assistance,10,9,2026-08-24T13:00,2026-08-24T14:45,20
2026-08-24,ST001,Visual impairment,13,12,2026-08-24T21:00,2026-08-24T22:15,30
2026-08-24,ST001,Hearing impairment,12,10,2026-08-24T21:30,2026-08-24T08:45,15
2026-08-24,ST003,Mobility assistance,9,6,2026-08-24T20:00,2026-08-24T16:45,30
2026-08-24,ST004,Mobility assistance,2,0,2026-08-24T16:30,2026-08-24T19:30,20
2026-08-24,ST005,Luggage support,3,0,2026-08-24T09:00,,20
2026-08-24,ST006,Visual impairment,4,2,2026-08-24T13:15,2026-08-24T21:15,15
2026-08-24,ST006,Luggage support,1,0,2026-08-24T16:45,2026-08-24T15:45,15
2026-08-24,ST007,Mobility assistance,11,9,2026-08-24T17:45,2026-08-24T09:45,20
2026-08-24,ST007,Visual impairment,5,4,2026-08-24T15:00,,15
2026-08-24,ST007,Hearing impairment,8,8,2026-08-24T21:45,2026-08-24T20:30,30
2026-08-24,ST007,Luggage support,1,0,2026-08-24T12:45,2026-08-24T20:45,15
2026-08-24,ST008,Mobility assistance,6,4,2026-08-24T19:15,2026-08-24T12:15,20
2026-08-24,ST008,Visual impairment,4,1,2026-08-24T14:45,2026-08-24T07:15,15
2026-08-24,ST008,Luggage support,1,0,2026-08-24T14:15,2026-08-24T07:15,15
2026-08-25,ST001,Mobility assistance,13,13,2026-08-25T16:00,2026-08-25T11:00,20
2026-08-25,ST001,Hearing impairment,8,7,2026-08-25T12:30,2026-08-25T07:00,30
2026-08-25,ST001,Luggage support,13,10,2026-08-25T13:00,2026-08-25T10:15,20
2026-08-25,ST002,Mobility assistance,6,4,2026-08-25T12:30,2026-08-25T13:00,15
2026-08-25,ST002,Hearing impairment,2,0,2026-08-25T09:45,2026-08-25T07:00,30
2026-08-25,ST003,Mobility assistance,10,8,2026-08-25T07:00,2026-08-25T11:00,15
2026-08-25,ST003,Visual impairment,6,4,2026-08-25T20:15,,20
2026-08-25,ST003,Hearing impairment,3,1,2026-08-25T07:45,2026-08-25T16:45,15
2026-08-25,ST003,Luggage support,9,7,2026-08-25T16:45,2026-08-25T12:00,30
2026-08-25,ST004,Mobility assistance,1,0,2026-08-25T12:45,2026-08-25T11:30,20
2026-08-25,ST004,Hearing impairment,1,1,2026-08-25T07:15,2026-08-25T08:15,15
2026-08-25,ST005,Hearing impairment,11,11,2026-08-25T17:45,2026-08-25T08:30,30
2026-08-25,ST005,Luggage support,2,0,2026-08-25T08:15,2026-08-25T10:00,30
2026-08-25,ST006,Visual impairment,2,0,2026-08-25T16:15,2026-08-25T21:30,20
2026-08-25,ST007,Mobility assistance,4,1,2026-08-25T14:30,2026-08-25T21:45,15
2026-08-25,ST007,Luggage support,9,8,2026-08-25T15:00,2026-08-25T14:15,20
2026-08-25,ST008,Mobility assistance,3,3,2026-08-25T18:15,2026-08-25T17:45,15
2026-08-26,ST001,Mobility assistance,1,0,2026-08-26T17:45,2026-08-26T10:15,30
2026-08-26,ST001,Hearing impairment,1,0,2026-08-26T07:30,2026-08-26T17:15,20
2026-08-26,ST001,Luggage support,4,3,2026-08-26T07:45,2026-08-26T23:00,15
2026-08-26,ST002,Visual impairment,4,1,2026-08-26T10:15,2026-08-26T13:45,20
2026-08-26,ST002,Luggage support,5,4,2026-08-26T13:00,2026-08-26T20:30,30
2026-08-26,ST003,Mobility assistance,10,10,2026-08-26T15:15,2026-08-26T21:15,20
2026-08-26,ST003,Visual impairment,14,13,2026-08-26T12:30,2026-08-26T09:00,30
2026-08-26,ST003,Hearing impairment,10,9,2026-08-26T15:00,2026-08-26T10:30,20
2026-08-26,ST003,Luggage support,6,5,2026-08-26T12:15,2026-08-26T15:45,30
2026-08-26,ST004,Mobility assistance,1,0,2026-08-26T12:30,,30
2026-08-26,ST004,Hearing impairment,6,4,2026-08-26T17:00,,30
2026-08-26,ST005,Mobility assistance,9,6,2026-08-26T06:00,2026-08-26T23:30,20
2026-08-26,ST005,Visual impairment,12,11,2026-08-26T06:30,2026-08-26T18:30,15
2026-08-26,ST006,Mobility assistance,3,0,2026-08-26T10:00,2026-08-26T23:15,20
2026-08-26,ST006,Visual impairment,2,0,2026-08-26T15:30,2026-08-26T11:15,30
2026-08-26,ST006,Hearing impairment,5,4,2026-08-26T10:30,2026-08-26T23:15,20
2026-08-26,ST007,Mobility assistance,14,13,2026-08-26T06:30,2026-08-26T20:45,20
2026-08-26,ST007,Visual impairment,14,12,2026-08-26T10:15,2026-08-26T12:00,30
2026-08-26,ST007,Hearing impairment,10,9,2026-08-26T13:15,2026-08-26T18:00,30
2026-08-26,ST008,Visual impairment,6,5,2026-08-26T12:00,2026-08-26T21:45,30
2026-08-26,ST008,Hearing impairment,4,3,2026-08-26T19:45,2026-08-26T19:30,20
2026-08-27,ST001,Mobility assistance,14,14,2026-08-27T13:45,2026-08-27T08:45,30
2026-08-27,ST001,Luggage support,8,5,2026-08-27T15:30,2026-08-27T20:30,30
2026-08-27,ST002,Mobility assistance,5,4,2026-08-27T18:45,2026-08-27T07:15,20
2026-08-27,ST002,Luggage support,4,4,2026-08-27T14:30,2026-08-27T12:00,15
2026-08-27,ST003,Mobility assistance,3,2,2026-08-27T07:45,2026-08-27T21:30,30
2026-08-27,ST003,Visual impairment,3,2,2026-08-27T06:30,,20
2026-08-27,ST003,Luggage support,1,0,2026-08-27T13:15,2026-08-27T22:45,20
2026-08-27,ST004,Mobility assistance,2,2,2026-08-27T17:00,2026-08-27T08:30,20
2026-08-27,ST004,Hearing impairment,4,3,2026-08-27T11:30,2026-08-27T12:45,30
2026-08-27,ST005,Visual impairment,8,7,2026-08-27T09:30,2026-08-27T20:15,30
2026-08-27,ST005,Hearing impairment,1,1,2026-08-27T08:45,2026-08-27T16:45,30
2026-08-27,ST006,Mobility assistance,4,4,2026-08-27T12:45,2026-08-27T17:30,30
2026-08-27,ST006,Hearing impairment,6,5,2026-08-27T15:30,2026-08-27T16:30,30
2026-08-27,ST007,Visual impairment,14,12,2026-08-27T21:45,2026-08-27T11:45,15
2026-08-27,ST008,Luggage support,5,3,2026-08-27T17:00,2026-08-27T15:00,20
2026-08-28,ST001,Luggage support,1,0,2026-08-28T19:00,2026-08-28T14:30,20
2026-08-28,ST002,Hearing impairment,4,3,2026-08-28T12:30,2026-08-28T23:30,20
2026-08-28,ST002,Luggage support,1,0,2026-08-28T12:00,2026-08-28T23:00,15
2026-08-28,ST003,Visual impairment,13,11,2026-08-28T06:30,2026-08-28T13:30,15
2026-08-28,ST003,Hearing impairment,5,3,2026-08-28T20:00,2026-08-28T12:30,15
2026-08-28,ST003,Luggage support,10,10,2026-08-28T12:30,2026-08-28T15:15,30
2026-08-28,ST004,Mobility assistance,1,0,2026-08-28T07:00,2026-08-28T09:45,20
2026-08-28,ST004,Visual impairment,5,2,2026-08-28T17:30,2026-08-28T13:00,20
2026-08-28,ST004,Luggage support,6,3,2026-08-28T09:45,2026-08-28T21:45,15
2026-08-28,ST005,Hearing impairment,1,1,2026-08-28T21:00,2026-08-28T21:15,20
2026-08-28,ST006,Visual impairment,3,0,2026-08-28T18:45,2026-08-28T14:15,20
2026-08-28,ST006,Luggage support,6,3,2026-08-28T19:30,2026-08-28T14:15,30
2026-08-28,ST007,Mobility assistance,2,0,2026-08-28T11:30,2026-08-28T09:00,30
2026-08-28,ST007,Luggage support,8,8,2026-08-28T08:15,2026-08-28T07:15,30
2026-08-29,ST001,Mobility assistance,9,9,2026-08-29T06:30,2026-08-29T16:00,15
2026-08-29,ST001,Visual impairment,10,7,2026-08-29T16:45,2026-08-29T20:15,30
2026-08-29,ST001,Hearing impairment,3,2,2026-08-29T18:30,2026-08-29T11:30,30
2026-08-29,ST001,Luggage support,1,1,2026-08-29T06:15,2026-08-29T22:45,15
2026-08-29,ST002,Visual impairment,4,3,2026-08-29T14:45,2026-08-29T18:00,15
2026-08-29,ST003,Visual impairment,10,8,2026-08-29T07:30,2026-08-29T07:45,20
2026-08-29,ST003,Hearing impairment,8,6,2026-08-29T19:30,2026-08-29T16:30,15
2026-08-29,ST003,Luggage support,10,8,2026-08-29T14:00,2026-08-29T12:00,30
2026-08-29,ST004,Visual impairment,2,0,2026-08-29T14:30,,15
2026-08-29,ST005,Mobility assistance,13,13,2026-08-29T16:00,2026-08-29T11:45,20
2026-08-29,ST005,Hearing impairment,8,7,2026-08-29T12:30,,20
2026-08-29,ST006,Mobility assistance,4,1,2026-08-29T16:00,2026-08-29T18:45,30
2026-08-29,ST006,Luggage support,3,3,2026-08-29T14:45,2026-08-29T14:15,30
2026-08-29,ST007,Visual impairment,2,2,2026-08-29T20:30,2026-08-29T16:30,15
2026-08-29,ST007,Hearing impairment,10,10,2026-08-29T07:15,2026-08-29T10:00,15
2026-08-29,ST008,Luggage support,1,0,2026-08-29T07:45,2026-08-29T08:30,20
2026-08-30,ST001,Mobility assistance,13,10,2026-08-30T12:00,2026-08-30T15:00,15
2026-08-30,ST001,Visual impairment,10,8,2026-08-30T20:00,2026-08-30T11:00,15
2026-08-30,ST001,Luggage support,12,10,2026-08-30T18:00,2026-08-30T22:45,20
2026-08-30,ST003,Mobility assistance,14,12,2026-08-30T08:45,2026-08-30T16:15,15
2026-08-30,ST003,Visual impairment,7,6,2026-08-30T15:45,2026-08-30T18:45,15
2026-08-30,ST003,Luggage support,4,3,2026-08-30T07:15,,30
2026-08-30,ST004,Mobility assistance,6,3,2026-08-30T10:15,2026-08-30T08:15,20
2026-08-30,ST005,Mobility assistance,13,12,2026-08-30T08:15,2026-08-30T19:30,15
2026-08-30,ST005,Hearing impairment,3,1,2026-08-30T12:00,2026-08-30T17:00,15
2026-08-30,ST005,Luggage support,13,10,2026-08-30T11:30,2026-08-30T21:15,30
2026-08-30,ST006,Luggage support,2,0,2026-08-30T20:45,2026-08-30T12:00,30
2026-08-30,ST007,Mobility assistance,9,8,2026-08-30T12:00,2026-08-30T10:30,30
2026-08-30,ST007,Visual impairment,8,7,2026-08-30T14:00,2026-08-30T11:45,20
2026-08-30,ST007,Hearing impairment,11,11,2026-08-30T07:30,2026-08-30T20:30,20
2026-08-30,ST007,Luggage support,13,10,2026-08-30T07:00,2026-08-30T12:15,15
2026-08-30,ST008,Mobility assistance,6,4,2026-08-30T13:00,2026-08-30T10:15,30
2026-08-30,ST008,Hearing impairment,2,2,2026-08-30T21:45,,20
2026-08-30,ST008,Luggage support,5,2,2026-08-30T11:45,2026-08-30T21:15,30
2026-08-16,ST004,Mobility assistance,3,5,2026-08-16T09:30,2026-08-16T10:15,20
